Source Type,Risk Type,Risk Greek,Underlying,Tenor Swap,Tenor Option,Tenor Swap Order,Tenor Option Order,Market Date,Open,Current,Move,Market Status,Market Data Status
fx/delta,FX,Delta,FAKE_REPLACE_ME - EUR/USD,Spot,N/A,,,2026-08-12,1.123625,1.121225,-0.0024,OFFICIAL,Available
fx/delta,FX,Delta,FAKE_REPLACE_ME - USD/JPY,Spot,N/A,,,2026-08-12,1.096437,1.097517,0.00108,OFFICIAL,Available
fx/delta,FX,Delta,FAKE_REPLACE_ME - GBP/USD,Spot,N/A,,,2026-08-12,1.117066,1.116146,-0.00092,OFFICIAL,Available
fx/gamma,FX,Gamma,FAKE_REPLACE_ME - EUR/USD,N/A,N/A,,,2026-08-12,0.905582,0.907882,0.0023,OFFICIAL,Available
fx/gamma,FX,Gamma,FAKE_REPLACE_ME - USD/JPY,N/A,N/A,,,2026-08-12,0.973937,0.972577,-0.00136,OFFICIAL,Available
fx/gamma,FX,Gamma,FAKE_REPLACE_ME - GBP/USD,N/A,N/A,,,2026-08-12,0.911924,0.913084,0.00116,OFFICIAL,Available
fx/vega,FX,Vega,FAKE_REPLACE_ME - EUR/USD Vol,FAKE_REPLACE_ME - 1M,N/A,0,,2026-08-12,0.204941,0.195101,-0.00984,OFFICIAL,Available
fx/vega,FX,Vega,FAKE_REPLACE_ME - EUR/USD Vol,FAKE_REPLACE_ME - 3M,N/A,1,,2026-08-12,0.077804,0.085524,0.00772,OFFICIAL,Available
fx/vega,FX,Vega,FAKE_REPLACE_ME - EUR/USD Vol,FAKE_REPLACE_ME - 6M,N/A,2,,2026-08-12,0.212678,0.208018,-0.00466,OFFICIAL,Available
fx/vega,FX,Vega,FAKE_REPLACE_ME - EUR/USD Vol,FAKE_REPLACE_ME - 1Y,N/A,3,,2026-08-12,0.302567,0.308847,0.00628,OFFICIAL,Available
fx/vega,FX,Vega,FAKE_REPLACE_ME - USD/JPY Vol,FAKE_REPLACE_ME - 1M,N/A,0,,2026-08-12,0.34424,0.35146,0.00722,OFFICIAL,Available
fx/vega,FX,Vega,FAKE_REPLACE_ME - USD/JPY Vol,FAKE_REPLACE_ME - 3M,N/A,1,,2026-08-12,0.149333,0.149653,0.00032,OFFICIAL,Available
fx/vega,FX,Vega,FAKE_REPLACE_ME - USD/JPY Vol,FAKE_REPLACE_ME - 6M,N/A,2,,2026-08-12,0.342395,0.344715,0.00232,OFFICIAL,Available
fx/vega,FX,Vega,FAKE_REPLACE_ME - USD/JPY Vol,FAKE_REPLACE_ME - 1Y,N/A,3,,2026-08-12,0.251207,0.238947,-0.01226,OFFICIAL,Available
fx/vega,FX,Vega,FAKE_REPLACE_ME - GBP/USD Vol,FAKE_REPLACE_ME - 1M,N/A,0,,2026-08-12,0.238409,0.245109,0.0067,OFFICIAL,Available
fx/vega,FX,Vega,FAKE_REPLACE_ME - GBP/USD Vol,FAKE_REPLACE_ME - 3M,N/A,1,,2026-08-12,0.076202,0.075042,-0.00116,OFFICIAL,Available
fx/vega,FX,Vega,FAKE_REPLACE_ME - GBP/USD Vol,FAKE_REPLACE_ME - 6M,N/A,2,,2026-08-12,0.076367,0.083227,0.00686,OFFICIAL,Available
fx/vega,FX,Vega,FAKE_REPLACE_ME - GBP/USD Vol,FAKE_REPLACE_ME - 1Y,N/A,3,,2026-08-12,0.099734,0.096454,-0.00328,OFFICIAL,Available
ir/delta,IR,Delta,FAKE_REPLACE_ME - USD SOFR,FAKE_REPLACE_ME - 6M,N/A,0,,2026-08-12,0.05937,0.05945,0.00008,OFFICIAL,Available
ir/delta,IR,Delta,FAKE_REPLACE_ME - USD SOFR,FAKE_REPLACE_ME - 1Y,N/A,1,,2026-08-12,0.040807,0.039617,-0.00119,OFFICIAL,Available
ir/delta,IR,Delta,FAKE_REPLACE_ME - USD SOFR,FAKE_REPLACE_ME - 2Y,N/A,2,,2026-08-12,0.016787,0.016207,-0.00058,OFFICIAL,Available
ir/delta,IR,Delta,FAKE_REPLACE_ME - USD SOFR,FAKE_REPLACE_ME - 5Y,N/A,3,,2026-08-12,0.019458,0.018188,-0.00127,OFFICIAL,Available
ir/delta,IR,Delta,FAKE_REPLACE_ME - USD SOFR,FAKE_REPLACE_ME - 10Y,N/A,4,,2026-08-12,0.023583,0.022683,-0.0009,OFFICIAL,Available
ir/delta,IR,Delta,FAKE_REPLACE_ME - USD SOFR,FAKE_REPLACE_ME - 30Y,N/A,5,,2026-08-12,0.013276,0.013226,-0.00005,OFFICIAL,Available
ir/delta,IR,Delta,FAKE_REPLACE_ME - EUR ESTR,FAKE_REPLACE_ME - 6M,N/A,0,,2026-08-12,0.063086,0.063696,0.00061,OFFICIAL,Available
ir/delta,IR,Delta,FAKE_REPLACE_ME - EUR ESTR,FAKE_REPLACE_ME - 1Y,N/A,1,,2026-08-12,0.023937,0.024757,0.00082,OFFICIAL,Available
ir/delta,IR,Delta,FAKE_REPLACE_ME - EUR ESTR,FAKE_REPLACE_ME - 2Y,N/A,2,,2026-08-12,0.029047,0.029567,0.00052,OFFICIAL,Available
ir/delta,IR,Delta,FAKE_REPLACE_ME - EUR ESTR,FAKE_REPLACE_ME - 5Y,N/A,3,,2026-08-12,0.033975,0.034246,0.000271,OFFICIAL,Available
ir/delta,IR,Delta,FAKE_REPLACE_ME - EUR ESTR,FAKE_REPLACE_ME - 10Y,N/A,4,,2026-08-12,0.055181,0.054691,-0.00049,OFFICIAL,Available
ir/delta,IR,Delta,FAKE_REPLACE_ME - EUR ESTR,FAKE_REPLACE_ME - 30Y,N/A,5,,2026-08-12,0.079071,0.078991,-0.00008,OFFICIAL,Available
ir/delta,IR,Delta,FAKE_REPLACE_ME - GBP SONIA,FAKE_REPLACE_ME - 6M,N/A,0,,2026-08-12,0.038446,0.039026,0.00058,OFFICIAL,Available
ir/delta,IR,Delta,FAKE_REPLACE_ME - GBP SONIA,FAKE_REPLACE_ME - 1Y,N/A,1,,2026-08-12,0.068436,0.069386,0.00095,OFFICIAL,Available
ir/delta,IR,Delta,FAKE_REPLACE_ME - GBP SONIA,FAKE_REPLACE_ME - 2Y,N/A,2,,2026-08-12,0.040874,0.041214,0.00034,OFFICIAL,Available
ir/delta,IR,Delta,FAKE_REPLACE_ME - GBP SONIA,FAKE_REPLACE_ME - 5Y,N/A,3,,2026-08-12,0.032934,0.033354,0.00042,OFFICIAL,Available
ir/delta,IR,Delta,FAKE_REPLACE_ME - GBP SONIA,FAKE_REPLACE_ME - 10Y,N/A,4,,2026-08-12,0.051926,0.051376,-0.00055,OFFICIAL,Available
ir/delta,IR,Delta,FAKE_REPLACE_ME - GBP SONIA,FAKE_REPLACE_ME - 30Y,N/A,5,,2026-08-12,0.027055,0.027955,0.0009,OFFICIAL,Available
ir/gamma,IR,Gamma,FAKE_REPLACE_ME - USD SOFR Gamma,FAKE_REPLACE_ME - 1Y,N/A,0,,2026-08-12,0.079815,0.078945,-0.00087,OFFICIAL,Available
ir/gamma,IR,Gamma,FAKE_REPLACE_ME - USD SOFR Gamma,FAKE_REPLACE_ME - 2Y,N/A,1,,2026-08-12,0.050878,0.050118,-0.00076,OFFICIAL,Available
ir/gamma,IR,Gamma,FAKE_REPLACE_ME - USD SOFR Gamma,FAKE_REPLACE_ME - 5Y,N/A,2,,2026-08-12,0.028305,0.028815,0.00051,OFFICIAL,Available
ir/gamma,IR,Gamma,FAKE_REPLACE_ME - USD SOFR Gamma,FAKE_REPLACE_ME - 10Y,N/A,3,,2026-08-12,0.025244,0.024584,-0.00066,OFFICIAL,Available
ir/gamma,IR,Gamma,FAKE_REPLACE_ME - EUR ESTR Gamma,FAKE_REPLACE_ME - 1Y,N/A,0,,2026-08-12,0.028782,0.027802,-0.00098,OFFICIAL,Available
ir/gamma,IR,Gamma,FAKE_REPLACE_ME - EUR ESTR Gamma,FAKE_REPLACE_ME - 2Y,N/A,1,,2026-08-12,0.042027,0.042457,0.00043,OFFICIAL,Available
ir/gamma,IR,Gamma,FAKE_REPLACE_ME - EUR ESTR Gamma,FAKE_REPLACE_ME - 5Y,N/A,2,,2026-08-12,0.059389,0.059649,0.00026,OFFICIAL,Available
ir/gamma,IR,Gamma,FAKE_REPLACE_ME - EUR ESTR Gamma,FAKE_REPLACE_ME - 10Y,N/A,3,,2026-08-12,0.049493,0.049813,0.00032,OFFICIAL,Available
ir/gamma,IR,Gamma,FAKE_REPLACE_ME - GBP SONIA Gamma,FAKE_REPLACE_ME - 1Y,N/A,0,,2026-08-12,0.074246,0.074846,0.0006,OFFICIAL,Available
ir/gamma,IR,Gamma,FAKE_REPLACE_ME - GBP SONIA Gamma,FAKE_REPLACE_ME - 2Y,N/A,1,,2026-08-12,0.046987,0.048007,0.00102,OFFICIAL,Available
ir/gamma,IR,Gamma,FAKE_REPLACE_ME - GBP SONIA Gamma,FAKE_REPLACE_ME - 5Y,N/A,2,,2026-08-12,0.030122,0.029272,-0.00085,OFFICIAL,Available
ir/gamma,IR,Gamma,FAKE_REPLACE_ME - GBP SONIA Gamma,FAKE_REPLACE_ME - 10Y,N/A,3,,2026-08-12,0.042615,0.043275,0.00066,OFFICIAL,Available
ir/deltavega,IR,DeltaVega,FAKE_REPLACE_ME - USD SOFR Vol,FAKE_REPLACE_ME - 6M,FAKE_REPLACE_ME - 1M,0,0,2026-08-12,0.304991,0.306671,0.00168,OFFICIAL,Available
ir/deltavega,IR,DeltaVega,FAKE_REPLACE_ME - USD SOFR Vol,FAKE_REPLACE_ME - 6M,FAKE_REPLACE_ME - 3M,0,1,2026-08-12,0.160232,0.171592,0.01136,OFFICIAL,Available
ir/deltavega,IR,DeltaVega,FAKE_REPLACE_ME - USD SOFR Vol,FAKE_REPLACE_ME - 6M,FAKE_REPLACE_ME - 6M,0,2,2026-08-12,0.307844,0.299724,-0.00812,OFFICIAL,Available
ir/deltavega,IR,DeltaVega,FAKE_REPLACE_ME - USD SOFR Vol,FAKE_REPLACE_ME - 6M,FAKE_REPLACE_ME - 1Y,0,3,2026-08-12,0.055337,0.060037,0.0047,OFFICIAL,Available
ir/deltavega,IR,DeltaVega,FAKE_REPLACE_ME - USD SOFR Vol,FAKE_REPLACE_ME - 1Y,FAKE_REPLACE_ME - 1M,1,0,2026-08-12,0.336932,0.341392,0.00446,OFFICIAL,Available
ir/deltavega,IR,DeltaVega,FAKE_REPLACE_ME - USD SOFR Vol,FAKE_REPLACE_ME - 1Y,FAKE_REPLACE_ME - 3M,1,1,2026-08-12,0.138626,0.144386,0.00576,OFFICIAL,Available
ir/deltavega,IR,DeltaVega,FAKE_REPLACE_ME - USD SOFR Vol,FAKE_REPLACE_ME - 1Y,FAKE_REPLACE_ME - 6M,1,2,2026-08-12,0.3029,0.30578,0.00288,OFFICIAL,Available
ir/deltavega,IR,DeltaVega,FAKE_REPLACE_ME - USD SOFR Vol,FAKE_REPLACE_ME - 1Y,FAKE_REPLACE_ME - 1Y,1,3,2026-08-12,0.210893,0.208113,-0.00278,OFFICIAL,Available
ir/deltavega,IR,DeltaVega,FAKE_REPLACE_ME - USD SOFR Vol,FAKE_REPLACE_ME - 2Y,FAKE_REPLACE_ME - 1M,2,0,2026-08-12,0.290567,0.300347,0.00978,OFFICIAL,Available
ir/deltavega,IR,DeltaVega,FAKE_REPLACE_ME - USD SOFR Vol,FAKE_REPLACE_ME - 2Y,FAKE_REPLACE_ME - 3M,2,1,2026-08-12,0.170597,0.168977,-0.00162,OFFICIAL,Available
ir/deltavega,IR,DeltaVega,FAKE_REPLACE_ME - USD SOFR Vol,FAKE_REPLACE_ME - 2Y,FAKE_REPLACE_ME - 6M,2,2,2026-08-12,0.154778,0.166018,0.01124,OFFICIAL,Available
ir/deltavega,IR,DeltaVega,FAKE_REPLACE_ME - USD SOFR Vol,FAKE_REPLACE_ME - 2Y,FAKE_REPLACE_ME - 1Y,2,3,2026-08-12,0.181259,0.184479,0.00322,OFFICIAL,Available
ir/deltavega,IR,DeltaVega,FAKE_REPLACE_ME - USD SOFR Vol,FAKE_REPLACE_ME - 5Y,FAKE_REPLACE_ME - 1M,3,0,2026-08-12,0.268346,0.278706,0.01036,OFFICIAL,Available
ir/deltavega,IR,DeltaVega,FAKE_REPLACE_ME - USD SOFR Vol,FAKE_REPLACE_ME - 5Y,FAKE_REPLACE_ME - 3M,3,1,2026-08-12,0.347903,0.354323,0.00642,OFFICIAL,Available
ir/deltavega,IR,DeltaVega,FAKE_REPLACE_ME - USD SOFR Vol,FAKE_REPLACE_ME - 5Y,FAKE_REPLACE_ME - 6M,3,2,2026-08-12,0.343628,0.345828,0.0022,OFFICIAL,Available
ir/deltavega,IR,DeltaVega,FAKE_REPLACE_ME - USD SOFR Vol,FAKE_REPLACE_ME - 5Y,FAKE_REPLACE_ME - 1Y,3,3,2026-08-12,0.324731,0.323691,-0.00104,OFFICIAL,Available
ir/deltavega,IR,DeltaVega,FAKE_REPLACE_ME - USD SOFR Vol,FAKE_REPLACE_ME - 10Y,FAKE_REPLACE_ME - 1M,4,0,2026-08-12,0.106784,0.107624,0.00084,OFFICIAL,Available
ir/deltavega,IR,DeltaVega,FAKE_REPLACE_ME - USD SOFR Vol,FAKE_REPLACE_ME - 10Y,FAKE_REPLACE_ME - 3M,4,1,2026-08-12,0.100091,0.096551,-0.00354,OFFICIAL,Available
ir/deltavega,IR,DeltaVega,FAKE_REPLACE_ME - USD SOFR Vol,FAKE_REPLACE_ME - 10Y,FAKE_REPLACE_ME - 6M,4,2,2026-08-12,0.053123,0.042023,-0.0111,OFFICIAL,Available
ir/deltavega,IR,DeltaVega,FAKE_REPLACE_ME - USD SOFR Vol,FAKE_REPLACE_ME - 10Y,FAKE_REPLACE_ME - 1Y,4,3,2026-08-12,0.192902,0.191362,-0.00154,OFFICIAL,Available
ir/deltavega,IR,DeltaVega,FAKE_REPLACE_ME - EUR ESTR Vol,FAKE_REPLACE_ME - 6M,FAKE_REPLACE_ME - 1M,0,0,2026-08-12,0.273299,0.285119,0.01182,OFFICIAL,Available
ir/deltavega,IR,DeltaVega,FAKE_REPLACE_ME - EUR ESTR Vol,FAKE_REPLACE_ME - 6M,FAKE_REPLACE_ME - 3M,0,1,2026-08-12,0.267923,0.257103,-0.01082,OFFICIAL,Available
ir/deltavega,IR,DeltaVega,FAKE_REPLACE_ME - EUR ESTR Vol,FAKE_REPLACE_ME - 6M,FAKE_REPLACE_ME - 6M,0,2,2026-08-12,0.121253,0.118013,-0.00324,OFFICIAL,Available
ir/deltavega,IR,DeltaVega,FAKE_REPLACE_ME - EUR ESTR Vol,FAKE_REPLACE_ME - 6M,FAKE_REPLACE_ME - 1Y,0,3,2026-08-12,0.157001,0.145361,-0.01164,OFFICIAL,Available
ir/deltavega,IR,DeltaVega,FAKE_REPLACE_ME - EUR ESTR Vol,FAKE_REPLACE_ME - 1Y,FAKE_REPLACE_ME - 1M,1,0,2026-08-12,0.194786,0.200606,0.00582,OFFICIAL,Available
ir/deltavega,IR,DeltaVega,FAKE_REPLACE_ME - EUR ESTR Vol,FAKE_REPLACE_ME - 1Y,FAKE_REPLACE_ME - 3M,1,1,2026-08-12,0.215513,0.225493,0.00998,OFFICIAL,Available
ir/deltavega,IR,DeltaVega,FAKE_REPLACE_ME - EUR ESTR Vol,FAKE_REPLACE_ME - 1Y,FAKE_REPLACE_ME - 6M,1,2,2026-08-12,0.346622,0.337802,-0.00882,OFFICIAL,Available
ir/deltavega,IR,DeltaVega,FAKE_REPLACE_ME - EUR ESTR Vol,FAKE_REPLACE_ME - 1Y,FAKE_REPLACE_ME - 1Y,1,3,2026-08-12,0.267731,0.267091,-0.00064,OFFICIAL,Available
ir/deltavega,IR,DeltaVega,FAKE_REPLACE_ME - EUR ESTR Vol,FAKE_REPLACE_ME - 2Y,FAKE_REPLACE_ME - 1M,2,0,2026-08-12,0.149918,0.151638,0.00172,OFFICIAL,Available
ir/deltavega,IR,DeltaVega,FAKE_REPLACE_ME - EUR ESTR Vol,FAKE_REPLACE_ME - 2Y,FAKE_REPLACE_ME - 3M,2,1,2026-08-12,0.306419,0.298339,-0.00808,OFFICIAL,Available
ir/deltavega,IR,DeltaVega,FAKE_REPLACE_ME - EUR ESTR Vol,FAKE_REPLACE_ME - 2Y,FAKE_REPLACE_ME - 6M,2,2,2026-08-12,0.259883,0.253223,-0.00666,OFFICIAL,Available
ir/deltavega,IR,DeltaVega,FAKE_REPLACE_ME - EUR ESTR Vol,FAKE_REPLACE_ME - 2Y,FAKE_REPLACE_ME - 1Y,2,3,2026-08-12,0.065726,0.062646,-0.00308,OFFICIAL,Available
ir/deltavega,IR,DeltaVega,FAKE_REPLACE_ME - EUR ESTR Vol,FAKE_REPLACE_ME - 5Y,FAKE_REPLACE_ME - 1M,3,0,2026-08-12,0.178529,0.185429,0.0069,OFFICIAL,Available
ir/deltavega,IR,DeltaVega,FAKE_REPLACE_ME - EUR ESTR Vol,FAKE_REPLACE_ME - 5Y,FAKE_REPLACE_ME - 3M,3,1,2026-08-12,0.158666,0.155646,-0.00302,OFFICIAL,Available
ir/deltavega,IR,DeltaVega,FAKE_REPLACE_ME - EUR ESTR Vol,FAKE_REPLACE_ME - 5Y,FAKE_REPLACE_ME - 6M,3,2,2026-08-12,0.306791,0.309691,0.0029,OFFICIAL,Available
ir/deltavega,IR,DeltaVega,FAKE_REPLACE_ME - EUR ESTR Vol,FAKE_REPLACE_ME - 5Y,FAKE_REPLACE_ME - 1Y,3,3,2026-08-12,0.320711,0.319391,-0.00132,OFFICIAL,Available
ir/deltavega,IR,DeltaVega,FAKE_REPLACE_ME - EUR ESTR Vol,FAKE_REPLACE_ME - 10Y,FAKE_REPLACE_ME - 1M,4,0,2026-08-12,0.224162,0.216502,-0.00766,OFFICIAL,Available
ir/deltavega,IR,DeltaVega,FAKE_REPLACE_ME - EUR ESTR Vol,FAKE_REPLACE_ME - 10Y,FAKE_REPLACE_ME - 3M,4,1,2026-08-12,0.322265,0.332585,0.01032,OFFICIAL,Available
ir/deltavega,IR,DeltaVega,FAKE_REPLACE_ME - EUR ESTR Vol,FAKE_REPLACE_ME - 10Y,FAKE_REPLACE_ME - 6M,4,2,2026-08-12,0.272147,0.267927,-0.00422,OFFICIAL,Available
ir/deltavega,IR,DeltaVega,FAKE_REPLACE_ME - EUR ESTR Vol,FAKE_REPLACE_ME - 10Y,FAKE_REPLACE_ME - 1Y,4,3,2026-08-12,0.313223,0.300623,-0.0126,OFFICIAL,Available
ir/deltavega,IR,DeltaVega,FAKE_REPLACE_ME - GBP SONIA Vol,FAKE_REPLACE_ME - 6M,FAKE_REPLACE_ME - 1M,0,0,2026-08-12,0.295604,0.290504,-0.0051,OFFICIAL,Available
ir/deltavega,IR,DeltaVega,FAKE_REPLACE_ME - GBP SONIA Vol,FAKE_REPLACE_ME - 6M,FAKE_REPLACE_ME - 3M,0,1,2026-08-12,0.17036,0.15932,-0.01104,OFFICIAL,Available
ir/deltavega,IR,DeltaVega,FAKE_REPLACE_ME - GBP SONIA Vol,FAKE_REPLACE_ME - 6M,FAKE_REPLACE_ME - 6M,0,2,2026-08-12,0.2144,0.22074,0.00634,OFFICIAL,Available
ir/deltavega,IR,DeltaVega,FAKE_REPLACE_ME - GBP SONIA Vol,FAKE_REPLACE_ME - 6M,FAKE_REPLACE_ME - 1Y,0,3,2026-08-12,0.23987,0.23075,-0.00912,OFFICIAL,Available
ir/deltavega,IR,DeltaVega,FAKE_REPLACE_ME - GBP SONIA Vol,FAKE_REPLACE_ME - 1Y,FAKE_REPLACE_ME - 1M,1,0,2026-08-12,0.055268,0.067148,0.01188,OFFICIAL,Available
ir/deltavega,IR,DeltaVega,FAKE_REPLACE_ME - GBP SONIA Vol,FAKE_REPLACE_ME - 1Y,FAKE_REPLACE_ME - 3M,1,1,2026-08-12,0.31376,0.32316,0.0094,OFFICIAL,Available
ir/deltavega,IR,DeltaVega,FAKE_REPLACE_ME - GBP SONIA Vol,FAKE_REPLACE_ME - 1Y,FAKE_REPLACE_ME - 6M,1,2,2026-08-12,0.232406,0.237566,0.00516,OFFICIAL,Available
ir/deltavega,IR,DeltaVega,FAKE_REPLACE_ME - GBP SONIA Vol,FAKE_REPLACE_ME - 1Y,FAKE_REPLACE_ME - 1Y,1,3,2026-08-12,0.312095,0.314915,0.00282,OFFICIAL,Available
ir/deltavega,IR,DeltaVega,FAKE_REPLACE_ME - GBP SONIA Vol,FAKE_REPLACE_ME - 2Y,FAKE_REPLACE_ME - 1M,2,0,2026-08-12,0.197009,0.190449,-0.00656,OFFICIAL,Available
ir/deltavega,IR,DeltaVega,FAKE_REPLACE_ME - GBP SONIA Vol,FAKE_REPLACE_ME - 2Y,FAKE_REPLACE_ME - 3M,2,1,2026-08-12,0.257453,0.255293,-0.00216,OFFICIAL,Available
ir/deltavega,IR,DeltaVega,FAKE_REPLACE_ME - GBP SONIA Vol,FAKE_REPLACE_ME - 2Y,FAKE_REPLACE_ME - 6M,2,2,2026-08-12,0.332483,0.322283,-0.0102,OFFICIAL,Available
ir/deltavega,IR,DeltaVega,FAKE_REPLACE_ME - GBP SONIA Vol,FAKE_REPLACE_ME - 2Y,FAKE_REPLACE_ME - 1Y,2,3,2026-08-12,0.133121,0.136981,0.00386,OFFICIAL,Available
ir/deltavega,IR,DeltaVega,FAKE_REPLACE_ME - GBP SONIA Vol,FAKE_REPLACE_ME - 5Y,FAKE_REPLACE_ME - 1M,3,0,2026-08-12,0.076667,0.084967,0.0083,OFFICIAL,Available
ir/deltavega,IR,DeltaVega,FAKE_REPLACE_ME - GBP SONIA Vol,FAKE_REPLACE_ME - 5Y,FAKE_REPLACE_ME - 3M,3,1,2026-08-12,0.273605,0.263425,-0.01018,OFFICIAL,Available
ir/deltavega,IR,DeltaVega,FAKE_REPLACE_ME - GBP SONIA Vol,FAKE_REPLACE_ME - 5Y,FAKE_REPLACE_ME - 6M,3,2,2026-08-12,0.346106,0.345286,-0.00082,OFFICIAL,Available
ir/deltavega,IR,DeltaVega,FAKE_REPLACE_ME - GBP SONIA Vol,FAKE_REPLACE_ME - 5Y,FAKE_REPLACE_ME - 1Y,3,3,2026-08-12,0.264833,0.256693,-0.00814,OFFICIAL,Available
ir/deltavega,IR,DeltaVega,FAKE_REPLACE_ME - GBP SONIA Vol,FAKE_REPLACE_ME - 10Y,FAKE_REPLACE_ME - 1M,4,0,2026-08-12,0.200678,0.195378,-0.0053,OFFICIAL,Available
ir/deltavega,IR,DeltaVega,FAKE_REPLACE_ME - GBP SONIA Vol,FAKE_REPLACE_ME - 10Y,FAKE_REPLACE_ME - 3M,4,1,2026-08-12,0.118979,0.127139,0.00816,OFFICIAL,Available
ir/deltavega,IR,DeltaVega,FAKE_REPLACE_ME - GBP SONIA Vol,FAKE_REPLACE_ME - 10Y,FAKE_REPLACE_ME - 6M,4,2,2026-08-12,0.31475,0.31255,-0.0022,OFFICIAL,Available
ir/deltavega,IR,DeltaVega,FAKE_REPLACE_ME - GBP SONIA Vol,FAKE_REPLACE_ME - 10Y,FAKE_REPLACE_ME - 1Y,4,3,2026-08-12,0.075032,0.085912,0.01088,OFFICIAL,Available
ir/xccy,IR,XCCY,FAKE_REPLACE_ME - EUR/USD XCCY,FAKE_REPLACE_ME - 1Y,N/A,0,,2026-08-12,0.022839,0.023289,0.00045,OFFICIAL,Available
ir/xccy,IR,XCCY,FAKE_REPLACE_ME - EUR/USD XCCY,FAKE_REPLACE_ME - 2Y,N/A,1,,2026-08-12,0.012364,0.011194,-0.00117,OFFICIAL,Available
ir/xccy,IR,XCCY,FAKE_REPLACE_ME - EUR/USD XCCY,FAKE_REPLACE_ME - 5Y,N/A,2,,2026-08-12,0.009657,0.009327,-0.00033,OFFICIAL,Available
ir/xccy,IR,XCCY,FAKE_REPLACE_ME - EUR/USD XCCY,FAKE_REPLACE_ME - 10Y,N/A,3,,2026-08-12,0.031599,0.030929,-0.00067,OFFICIAL,Available
ir/xccy,IR,XCCY,FAKE_REPLACE_ME - GBP/USD XCCY,FAKE_REPLACE_ME - 1Y,N/A,0,,2026-08-12,0.014104,0.015144,0.00104,OFFICIAL,Available
ir/xccy,IR,XCCY,FAKE_REPLACE_ME - GBP/USD XCCY,FAKE_REPLACE_ME - 2Y,N/A,1,,2026-08-12,0.066031,0.066111,0.00008,OFFICIAL,Available
ir/xccy,IR,XCCY,FAKE_REPLACE_ME - GBP/USD XCCY,FAKE_REPLACE_ME - 5Y,N/A,2,,2026-08-12,0.054199,0.053619,-0.00058,OFFICIAL,Available
ir/xccy,IR,XCCY,FAKE_REPLACE_ME - GBP/USD XCCY,FAKE_REPLACE_ME - 10Y,N/A,3,,2026-08-12,0.038842,0.040012,0.00117,OFFICIAL,Available
ir/xccy,IR,XCCY,FAKE_REPLACE_ME - USD/JPY XCCY,FAKE_REPLACE_ME - 1Y,N/A,0,,2026-08-12,0.034536,0.033496,-0.00104,OFFICIAL,Available
ir/xccy,IR,XCCY,FAKE_REPLACE_ME - USD/JPY XCCY,FAKE_REPLACE_ME - 2Y,N/A,1,,2026-08-12,0.019671,0.020451,0.00078,OFFICIAL,Available
ir/xccy,IR,XCCY,FAKE_REPLACE_ME - USD/JPY XCCY,FAKE_REPLACE_ME - 5Y,N/A,2,,2026-08-12,0.031723,0.030522,-0.001201,OFFICIAL,Available
ir/xccy,IR,XCCY,FAKE_REPLACE_ME - USD/JPY XCCY,FAKE_REPLACE_ME - 10Y,N/A,3,,2026-08-12,0.076638,0.075768,-0.00087,OFFICIAL,Available
ir/xccyvega,IR,XCCYVega,FAKE_REPLACE_ME - EUR/USD XCCY Vol,FAKE_REPLACE_ME - 1Y,FAKE_REPLACE_ME - 3M,0,0,2026-08-12,0.343121,0.338841,-0.00428,OFFICIAL,Available
ir/xccyvega,IR,XCCYVega,FAKE_REPLACE_ME - EUR/USD XCCY Vol,FAKE_REPLACE_ME - 1Y,FAKE_REPLACE_ME - 6M,0,1,2026-08-12,0.16475,0.17141,0.00666,OFFICIAL,Available
ir/xccyvega,IR,XCCYVega,FAKE_REPLACE_ME - EUR/USD XCCY Vol,FAKE_REPLACE_ME - 1Y,FAKE_REPLACE_ME - 1Y,0,2,2026-08-12,0.139112,0.133312,-0.0058,OFFICIAL,Available
ir/xccyvega,IR,XCCYVega,FAKE_REPLACE_ME - EUR/USD XCCY Vol,FAKE_REPLACE_ME - 1Y,FAKE_REPLACE_ME - 2Y,0,3,2026-08-12,0.213074,0.219294,0.00622,OFFICIAL,Available
ir/xccyvega,IR,XCCYVega,FAKE_REPLACE_ME - EUR/USD XCCY Vol,FAKE_REPLACE_ME - 3Y,FAKE_REPLACE_ME - 3M,1,0,2026-08-12,0.113303,0.106283,-0.00702,OFFICIAL,Available
ir/xccyvega,IR,XCCYVega,FAKE_REPLACE_ME - EUR/USD XCCY Vol,FAKE_REPLACE_ME - 3Y,FAKE_REPLACE_ME - 6M,1,1,2026-08-12,0.193211,0.193531,0.00032,OFFICIAL,Available
ir/xccyvega,IR,XCCYVega,FAKE_REPLACE_ME - EUR/USD XCCY Vol,FAKE_REPLACE_ME - 3Y,FAKE_REPLACE_ME - 1Y,1,2,2026-08-12,0.068477,0.080457,0.01198,OFFICIAL,Available
ir/xccyvega,IR,XCCYVega,FAKE_REPLACE_ME - EUR/USD XCCY Vol,FAKE_REPLACE_ME - 3Y,FAKE_REPLACE_ME - 2Y,1,3,2026-08-12,0.233771,0.242151,0.00838,OFFICIAL,Available
ir/xccyvega,IR,XCCYVega,FAKE_REPLACE_ME - EUR/USD XCCY Vol,FAKE_REPLACE_ME - 5Y,FAKE_REPLACE_ME - 3M,2,0,2026-08-12,0.076469,0.078709,0.00224,OFFICIAL,Available
ir/xccyvega,IR,XCCYVega,FAKE_REPLACE_ME - EUR/USD XCCY Vol,FAKE_REPLACE_ME - 5Y,FAKE_REPLACE_ME - 6M,2,1,2026-08-12,0.170786,0.167126,-0.00366,OFFICIAL,Available
ir/xccyvega,IR,XCCYVega,FAKE_REPLACE_ME - EUR/USD XCCY Vol,FAKE_REPLACE_ME - 5Y,FAKE_REPLACE_ME - 1Y,2,2,2026-08-12,0.137129,0.141389,0.00426,OFFICIAL,Available
ir/xccyvega,IR,XCCYVega,FAKE_REPLACE_ME - EUR/USD XCCY Vol,FAKE_REPLACE_ME - 5Y,FAKE_REPLACE_ME - 2Y,2,3,2026-08-12,0.343715,0.353075,0.00936,OFFICIAL,Available
ir/xccyvega,IR,XCCYVega,FAKE_REPLACE_ME - EUR/USD XCCY Vol,FAKE_REPLACE_ME - 10Y,FAKE_REPLACE_ME - 3M,3,0,2026-08-12,0.196148,0.184888,-0.01126,OFFICIAL,Available
ir/xccyvega,IR,XCCYVega,FAKE_REPLACE_ME - EUR/USD XCCY Vol,FAKE_REPLACE_ME - 10Y,FAKE_REPLACE_ME - 6M,3,1,2026-08-12,0.232889,0.234109,0.00122,OFFICIAL,Available
ir/xccyvega,IR,XCCYVega,FAKE_REPLACE_ME - EUR/USD XCCY Vol,FAKE_REPLACE_ME - 10Y,FAKE_REPLACE_ME - 1Y,3,2,2026-08-12,0.177632,0.189332,0.0117,OFFICIAL,Available
ir/xccyvega,IR,XCCYVega,FAKE_REPLACE_ME - EUR/USD XCCY Vol,FAKE_REPLACE_ME - 10Y,FAKE_REPLACE_ME - 2Y,3,3,2026-08-12,0.214724,0.205204,-0.00952,OFFICIAL,Available
ir/xccyvega,IR,XCCYVega,FAKE_REPLACE_ME - EUR/USD XCCY Vol,FAKE_REPLACE_ME - 30Y,FAKE_REPLACE_ME - 3M,4,0,2026-08-12,0.217247,0.216467,-0.00078,OFFICIAL,Available
ir/xccyvega,IR,XCCYVega,FAKE_REPLACE_ME - EUR/USD XCCY Vol,FAKE_REPLACE_ME - 30Y,FAKE_REPLACE_ME - 6M,4,1,2026-08-12,0.216458,0.208198,-0.00826,OFFICIAL,Available
ir/xccyvega,IR,XCCYVega,FAKE_REPLACE_ME - EUR/USD XCCY Vol,FAKE_REPLACE_ME - 30Y,FAKE_REPLACE_ME - 1Y,4,2,2026-08-12,0.065888,0.069308,0.00342,OFFICIAL,Available
ir/xccyvega,IR,XCCYVega,FAKE_REPLACE_ME - EUR/USD XCCY Vol,FAKE_REPLACE_ME - 30Y,FAKE_REPLACE_ME - 2Y,4,3,2026-08-12,0.228725,0.217625,-0.0111,OFFICIAL,Available
ir/xccyvega,IR,XCCYVega,FAKE_REPLACE_ME - GBP/USD XCCY Vol,FAKE_REPLACE_ME - 1Y,FAKE_REPLACE_ME - 3M,0,0,2026-08-12,0.233411,0.230211,-0.0032,OFFICIAL,Available
ir/xccyvega,IR,XCCYVega,FAKE_REPLACE_ME - GBP/USD XCCY Vol,FAKE_REPLACE_ME - 1Y,FAKE_REPLACE_ME - 6M,0,1,2026-08-12,0.088226,0.084466,-0.00376,OFFICIAL,Available
ir/xccyvega,IR,XCCYVega,FAKE_REPLACE_ME - GBP/USD XCCY Vol,FAKE_REPLACE_ME - 1Y,FAKE_REPLACE_ME - 1Y,0,2,2026-08-12,0.323714,0.332954,0.00924,OFFICIAL,Available
ir/xccyvega,IR,XCCYVega,FAKE_REPLACE_ME - GBP/USD XCCY Vol,FAKE_REPLACE_ME - 1Y,FAKE_REPLACE_ME - 2Y,0,3,2026-08-12,0.238643,0.250803,0.01216,OFFICIAL,Available
ir/xccyvega,IR,XCCYVega,FAKE_REPLACE_ME - GBP/USD XCCY Vol,FAKE_REPLACE_ME - 3Y,FAKE_REPLACE_ME - 3M,1,0,2026-08-12,0.182645,0.174525,-0.00812,OFFICIAL,Available
ir/xccyvega,IR,XCCYVega,FAKE_REPLACE_ME - GBP/USD XCCY Vol,FAKE_REPLACE_ME - 3Y,FAKE_REPLACE_ME - 6M,1,1,2026-08-12,0.250994,0.253354,0.00236,OFFICIAL,Available
ir/xccyvega,IR,XCCYVega,FAKE_REPLACE_ME - GBP/USD XCCY Vol,FAKE_REPLACE_ME - 3Y,FAKE_REPLACE_ME - 1Y,1,2,2026-08-12,0.140978,0.150338,0.00936,OFFICIAL,Available
ir/xccyvega,IR,XCCYVega,FAKE_REPLACE_ME - GBP/USD XCCY Vol,FAKE_REPLACE_ME - 3Y,FAKE_REPLACE_ME - 2Y,1,3,2026-08-12,0.203501,0.198441,-0.00506,OFFICIAL,Available
ir/xccyvega,IR,XCCYVega,FAKE_REPLACE_ME - GBP/USD XCCY Vol,FAKE_REPLACE_ME - 5Y,FAKE_REPLACE_ME - 3M,2,0,2026-08-12,0.119597,0.111957,-0.00764,OFFICIAL,Available
ir/xccyvega,IR,XCCYVega,FAKE_REPLACE_ME - GBP/USD XCCY Vol,FAKE_REPLACE_ME - 5Y,FAKE_REPLACE_ME - 6M,2,1,2026-08-12,0.20825,0.19953,-0.00872,OFFICIAL,Available
ir/xccyvega,IR,XCCYVega,FAKE_REPLACE_ME - GBP/USD XCCY Vol,FAKE_REPLACE_ME - 5Y,FAKE_REPLACE_ME - 1Y,2,2,2026-08-12,0.326549,0.337409,0.01086,OFFICIAL,Available
ir/xccyvega,IR,XCCYVega,FAKE_REPLACE_ME - GBP/USD XCCY Vol,FAKE_REPLACE_ME - 5Y,FAKE_REPLACE_ME - 2Y,2,3,2026-08-12,0.111764,0.121544,0.00978,OFFICIAL,Available
ir/xccyvega,IR,XCCYVega,FAKE_REPLACE_ME - GBP/USD XCCY Vol,FAKE_REPLACE_ME - 10Y,FAKE_REPLACE_ME - 3M,3,0,2026-08-12,0.214652,0.209472,-0.00518,OFFICIAL,Available
ir/xccyvega,IR,XCCYVega,FAKE_REPLACE_ME - GBP/USD XCCY Vol,FAKE_REPLACE_ME - 10Y,FAKE_REPLACE_ME - 6M,3,1,2026-08-12,0.290723,0.296203,0.00548,OFFICIAL,Available
ir/xccyvega,IR,XCCYVega,FAKE_REPLACE_ME - GBP/USD XCCY Vol,FAKE_REPLACE_ME - 10Y,FAKE_REPLACE_ME - 1Y,3,2,2026-08-12,0.321464,0.314444,-0.00702,OFFICIAL,Available
ir/xccyvega,IR,XCCYVega,FAKE_REPLACE_ME - GBP/USD XCCY Vol,FAKE_REPLACE_ME - 10Y,FAKE_REPLACE_ME - 2Y,3,3,2026-08-12,0.098318,0.090058,-0.00826,OFFICIAL,Available
ir/xccyvega,IR,XCCYVega,FAKE_REPLACE_ME - GBP/USD XCCY Vol,FAKE_REPLACE_ME - 30Y,FAKE_REPLACE_ME - 3M,4,0,2026-08-12,0.228602,0.224082,-0.00452,OFFICIAL,Available
ir/xccyvega,IR,XCCYVega,FAKE_REPLACE_ME - GBP/USD XCCY Vol,FAKE_REPLACE_ME - 30Y,FAKE_REPLACE_ME - 6M,4,1,2026-08-12,0.287474,0.297274,0.0098,OFFICIAL,Available
ir/xccyvega,IR,XCCYVega,FAKE_REPLACE_ME - GBP/USD XCCY Vol,FAKE_REPLACE_ME - 30Y,FAKE_REPLACE_ME - 1Y,4,2,2026-08-12,0.170006,0.181786,0.01178,OFFICIAL,Available
ir/xccyvega,IR,XCCYVega,FAKE_REPLACE_ME - GBP/USD XCCY Vol,FAKE_REPLACE_ME - 30Y,FAKE_REPLACE_ME - 2Y,4,3,2026-08-12,0.203429,0.202649,-0.00078,OFFICIAL,Available
ir/xccyvega,IR,XCCYVega,FAKE_REPLACE_ME - USD/JPY XCCY Vol,FAKE_REPLACE_ME - 1Y,FAKE_REPLACE_ME - 3M,0,0,2026-08-12,0.157616,0.163036,0.00542,OFFICIAL,Available
ir/xccyvega,IR,XCCYVega,FAKE_REPLACE_ME - USD/JPY XCCY Vol,FAKE_REPLACE_ME - 1Y,FAKE_REPLACE_ME - 6M,0,1,2026-08-12,0.222725,0.228185,0.00546,OFFICIAL,Available
ir/xccyvega,IR,XCCYVega,FAKE_REPLACE_ME - USD/JPY XCCY Vol,FAKE_REPLACE_ME - 1Y,FAKE_REPLACE_ME - 1Y,0,2,2026-08-12,0.179945,0.171925,-0.00802,OFFICIAL,Available
ir/xccyvega,IR,XCCYVega,FAKE_REPLACE_ME - USD/JPY XCCY Vol,FAKE_REPLACE_ME - 1Y,FAKE_REPLACE_ME - 2Y,0,3,2026-08-12,0.343775,0.355475,0.0117,OFFICIAL,Available
ir/xccyvega,IR,XCCYVega,FAKE_REPLACE_ME - USD/JPY XCCY Vol,FAKE_REPLACE_ME - 3Y,FAKE_REPLACE_ME - 3M,1,0,2026-08-12,0.334997,0.342817,0.00782,OFFICIAL,Available
ir/xccyvega,IR,XCCYVega,FAKE_REPLACE_ME - USD/JPY XCCY Vol,FAKE_REPLACE_ME - 3Y,FAKE_REPLACE_ME - 6M,1,1,2026-08-12,0.094526,0.095686,0.00116,OFFICIAL,Available
ir/xccyvega,IR,XCCYVega,FAKE_REPLACE_ME - USD/JPY XCCY Vol,FAKE_REPLACE_ME - 3Y,FAKE_REPLACE_ME - 1Y,1,2,2026-08-12,0.285926,0.287746,0.00182,OFFICIAL,Available
ir/xccyvega,IR,XCCYVega,FAKE_REPLACE_ME - USD/JPY XCCY Vol,FAKE_REPLACE_ME - 3Y,FAKE_REPLACE_ME - 2Y,1,3,2026-08-12,0.24089,0.25263,0.01174,OFFICIAL,Available
ir/xccyvega,IR,XCCYVega,FAKE_REPLACE_ME - USD/JPY XCCY Vol,FAKE_REPLACE_ME - 5Y,FAKE_REPLACE_ME - 3M,2,0,2026-08-12,0.283454,0.276374,-0.00708,OFFICIAL,Available
ir/xccyvega,IR,XCCYVega,FAKE_REPLACE_ME - USD/JPY XCCY Vol,FAKE_REPLACE_ME - 5Y,FAKE_REPLACE_ME - 6M,2,1,2026-08-12,0.108848,0.103188,-0.00566,OFFICIAL,Available
ir/xccyvega,IR,XCCYVega,FAKE_REPLACE_ME - USD/JPY XCCY Vol,FAKE_REPLACE_ME - 5Y,FAKE_REPLACE_ME - 1Y,2,2,2026-08-12,0.167069,0.161249,-0.00582,OFFICIAL,Available
ir/xccyvega,IR,XCCYVega,FAKE_REPLACE_ME - USD/JPY XCCY Vol,FAKE_REPLACE_ME - 5Y,FAKE_REPLACE_ME - 2Y,2,3,2026-08-12,0.231278,0.239698,0.00842,OFFICIAL,Available
ir/xccyvega,IR,XCCYVega,FAKE_REPLACE_ME - USD/JPY XCCY Vol,FAKE_REPLACE_ME - 10Y,FAKE_REPLACE_ME - 3M,3,0,2026-08-12,0.142748,0.134068,-0.00868,OFFICIAL,Available
ir/xccyvega,IR,XCCYVega,FAKE_REPLACE_ME - USD/JPY XCCY Vol,FAKE_REPLACE_ME - 10Y,FAKE_REPLACE_ME - 6M,3,1,2026-08-12,0.279293,0.291493,0.0122,OFFICIAL,Available
ir/xccyvega,IR,XCCYVega,FAKE_REPLACE_ME - USD/JPY XCCY Vol,FAKE_REPLACE_ME - 10Y,FAKE_REPLACE_ME - 1Y,3,2,2026-08-12,0.065228,0.067548,0.00232,OFFICIAL,Available
ir/xccyvega,IR,XCCYVega,FAKE_REPLACE_ME - USD/JPY XCCY Vol,FAKE_REPLACE_ME - 10Y,FAKE_REPLACE_ME - 2Y,3,3,2026-08-12,0.094805,0.103505,0.0087,OFFICIAL,Available
ir/xccyvega,IR,XCCYVega,FAKE_REPLACE_ME - USD/JPY XCCY Vol,FAKE_REPLACE_ME - 30Y,FAKE_REPLACE_ME - 3M,4,0,2026-08-12,0.170372,0.163152,-0.00722,OFFICIAL,Available
ir/xccyvega,IR,XCCYVega,FAKE_REPLACE_ME - USD/JPY XCCY Vol,FAKE_REPLACE_ME - 30Y,FAKE_REPLACE_ME - 6M,4,1,2026-08-12,0.121658,0.127418,0.00576,OFFICIAL,Available
ir/xccyvega,IR,XCCYVega,FAKE_REPLACE_ME - USD/JPY XCCY Vol,FAKE_REPLACE_ME - 30Y,FAKE_REPLACE_ME - 1Y,4,2,2026-08-12,0.061511,0.054211,-0.0073,OFFICIAL,Available
ir/xccyvega,IR,XCCYVega,FAKE_REPLACE_ME - USD/JPY XCCY Vol,FAKE_REPLACE_ME - 30Y,FAKE_REPLACE_ME - 2Y,4,3,2026-08-12,0.281222,0.291122,0.0099,OFFICIAL,Available
ir/inflation,IR,Inflation,FAKE_REPLACE_ME - US CPI,FAKE_REPLACE_ME - 2Y,N/A,0,,2026-08-12,0.075887,0.074937,-0.00095,OFFICIAL,Available
ir/inflation,IR,Inflation,FAKE_REPLACE_ME - US CPI,FAKE_REPLACE_ME - 5Y,N/A,1,,2026-08-12,0.012275,0.011985,-0.00029,OFFICIAL,Available
ir/inflation,IR,Inflation,FAKE_REPLACE_ME - US CPI,FAKE_REPLACE_ME - 10Y,N/A,2,,2026-08-12,0.035931,0.034391,-0.00154,OFFICIAL,Available
ir/inflation,IR,Inflation,FAKE_REPLACE_ME - US CPI,FAKE_REPLACE_ME - 20Y,N/A,3,,2026-08-12,0.034994,0.035624,0.00063,OFFICIAL,Available
ir/inflation,IR,Inflation,FAKE_REPLACE_ME - US CPI,FAKE_REPLACE_ME - 30Y,N/A,4,,2026-08-12,0.066289,0.065358,-0.000931,OFFICIAL,Available
ir/inflation,IR,Inflation,FAKE_REPLACE_ME - EU HICP,FAKE_REPLACE_ME - 2Y,N/A,0,,2026-08-12,0.035327,0.034277,-0.00105,OFFICIAL,Available
ir/inflation,IR,Inflation,FAKE_REPLACE_ME - EU HICP,FAKE_REPLACE_ME - 5Y,N/A,1,,2026-08-12,0.067397,0.067657,0.00026,OFFICIAL,Available
ir/inflation,IR,Inflation,FAKE_REPLACE_ME - EU HICP,FAKE_REPLACE_ME - 10Y,N/A,2,,2026-08-12,0.024862,0.024902,0.00004,OFFICIAL,Available
ir/inflation,IR,Inflation,FAKE_REPLACE_ME - EU HICP,FAKE_REPLACE_ME - 20Y,N/A,3,,2026-08-12,0.060212,0.061102,0.00089,OFFICIAL,Available
ir/inflation,IR,Inflation,FAKE_REPLACE_ME - EU HICP,FAKE_REPLACE_ME - 30Y,N/A,4,,2026-08-12,0.028404,0.028064,-0.00034,OFFICIAL,Available
ir/inflation,IR,Inflation,FAKE_REPLACE_ME - UK RPI,FAKE_REPLACE_ME - 2Y,N/A,0,,2026-08-12,0.079208,0.079878,0.00067,OFFICIAL,Available
ir/inflation,IR,Inflation,FAKE_REPLACE_ME - UK RPI,FAKE_REPLACE_ME - 5Y,N/A,1,,2026-08-12,0.034109,0.033719,-0.00039,OFFICIAL,Available
ir/inflation,IR,Inflation,FAKE_REPLACE_ME - UK RPI,FAKE_REPLACE_ME - 10Y,N/A,2,,2026-08-12,0.033819,0.034269,0.00045,OFFICIAL,Available
ir/inflation,IR,Inflation,FAKE_REPLACE_ME - UK RPI,FAKE_REPLACE_ME - 20Y,N/A,3,,2026-08-12,0.011287,0.010587,-0.0007,OFFICIAL,Available
ir/inflation,IR,Inflation,FAKE_REPLACE_ME - UK RPI,FAKE_REPLACE_ME - 30Y,N/A,4,,2026-08-12,0.009769,0.010699,0.00093,OFFICIAL,Available
ir/inflationvega,IR,InflationVega,FAKE_REPLACE_ME - US CPI Vol,FAKE_REPLACE_ME - 2Y,FAKE_REPLACE_ME - 6M,0,0,2026-08-12,0.23804,0.24396,0.00592,OFFICIAL,Available
ir/inflationvega,IR,InflationVega,FAKE_REPLACE_ME - US CPI Vol,FAKE_REPLACE_ME - 2Y,FAKE_REPLACE_ME - 1Y,0,1,2026-08-12,0.258905,0.250065,-0.00884,OFFICIAL,Available
ir/inflationvega,IR,InflationVega,FAKE_REPLACE_ME - US CPI Vol,FAKE_REPLACE_ME - 2Y,FAKE_REPLACE_ME - 2Y,0,2,2026-08-12,0.149204,0.157064,0.00786,OFFICIAL,Available
ir/inflationvega,IR,InflationVega,FAKE_REPLACE_ME - US CPI Vol,FAKE_REPLACE_ME - 5Y,FAKE_REPLACE_ME - 6M,1,0,2026-08-12,0.176171,0.173331,-0.00284,OFFICIAL,Available
ir/inflationvega,IR,InflationVega,FAKE_REPLACE_ME - US CPI Vol,FAKE_REPLACE_ME - 5Y,FAKE_REPLACE_ME - 1Y,1,1,2026-08-12,0.239411,0.240151,0.00074,OFFICIAL,Available
ir/inflationvega,IR,InflationVega,FAKE_REPLACE_ME - US CPI Vol,FAKE_REPLACE_ME - 5Y,FAKE_REPLACE_ME - 2Y,1,2,2026-08-12,0.161834,0.167094,0.00526,OFFICIAL,Available
ir/inflationvega,IR,InflationVega,FAKE_REPLACE_ME - US CPI Vol,FAKE_REPLACE_ME - 10Y,FAKE_REPLACE_ME - 6M,2,0,2026-08-12,0.33554,0.33228,-0.00326,OFFICIAL,Available
ir/inflationvega,IR,InflationVega,FAKE_REPLACE_ME - US CPI Vol,FAKE_REPLACE_ME - 10Y,FAKE_REPLACE_ME - 1Y,2,1,2026-08-12,0.174218,0.184918,0.0107,OFFICIAL,Available
ir/inflationvega,IR,InflationVega,FAKE_REPLACE_ME - US CPI Vol,FAKE_REPLACE_ME - 10Y,FAKE_REPLACE_ME - 2Y,2,2,2026-08-12,0.052685,0.042585,-0.0101,OFFICIAL,Available
ir/inflationvega,IR,InflationVega,FAKE_REPLACE_ME - US CPI Vol,FAKE_REPLACE_ME - 20Y,FAKE_REPLACE_ME - 6M,3,0,2026-08-12,0.342215,0.331995,-0.01022,OFFICIAL,Available
ir/inflationvega,IR,InflationVega,FAKE_REPLACE_ME - US CPI Vol,FAKE_REPLACE_ME - 20Y,FAKE_REPLACE_ME - 1Y,3,1,2026-08-12,0.084707,0.089567,0.00486,OFFICIAL,Available
ir/inflationvega,IR,InflationVega,FAKE_REPLACE_ME - US CPI Vol,FAKE_REPLACE_ME - 20Y,FAKE_REPLACE_ME - 2Y,3,2,2026-08-12,0.074309,0.066529,-0.00778,OFFICIAL,Available
ir/inflationvega,IR,InflationVega,FAKE_REPLACE_ME - US CPI Vol,FAKE_REPLACE_ME - 30Y,FAKE_REPLACE_ME - 6M,4,0,2026-08-12,0.331214,0.323094,-0.00812,OFFICIAL,Available
ir/inflationvega,IR,InflationVega,FAKE_REPLACE_ME - US CPI Vol,FAKE_REPLACE_ME - 30Y,FAKE_REPLACE_ME - 1Y,4,1,2026-08-12,0.24734,0.2508,0.00346,OFFICIAL,Available
ir/inflationvega,IR,InflationVega,FAKE_REPLACE_ME - US CPI Vol,FAKE_REPLACE_ME - 30Y,FAKE_REPLACE_ME - 2Y,4,2,2026-08-12,0.166292,0.176612,0.01032,OFFICIAL,Available
ir/inflationvega,IR,InflationVega,FAKE_REPLACE_ME - EU HICP Vol,FAKE_REPLACE_ME - 2Y,FAKE_REPLACE_ME - 6M,0,0,2026-08-12,0.334226,0.335606,0.00138,OFFICIAL,Available
ir/inflationvega,IR,InflationVega,FAKE_REPLACE_ME - EU HICP Vol,FAKE_REPLACE_ME - 2Y,FAKE_REPLACE_ME - 1Y,0,1,2026-08-12,0.101528,0.091468,-0.01006,OFFICIAL,Available
ir/inflationvega,IR,InflationVega,FAKE_REPLACE_ME - EU HICP Vol,FAKE_REPLACE_ME - 2Y,FAKE_REPLACE_ME - 2Y,0,2,2026-08-12,0.323924,0.329304,0.00538,OFFICIAL,Available
ir/inflationvega,IR,InflationVega,FAKE_REPLACE_ME - EU HICP Vol,FAKE_REPLACE_ME - 5Y,FAKE_REPLACE_ME - 6M,1,0,2026-08-12,0.322148,0.317528,-0.00462,OFFICIAL,Available
ir/inflationvega,IR,InflationVega,FAKE_REPLACE_ME - EU HICP Vol,FAKE_REPLACE_ME - 5Y,FAKE_REPLACE_ME - 1Y,1,1,2026-08-12,0.130967,0.129727,-0.00124,OFFICIAL,Available
ir/inflationvega,IR,InflationVega,FAKE_REPLACE_ME - EU HICP Vol,FAKE_REPLACE_ME - 5Y,FAKE_REPLACE_ME - 2Y,1,2,2026-08-12,0.292286,0.300966,0.00868,OFFICIAL,Available
ir/inflationvega,IR,InflationVega,FAKE_REPLACE_ME - EU HICP Vol,FAKE_REPLACE_ME - 10Y,FAKE_REPLACE_ME - 6M,2,0,2026-08-12,0.10214,0.09406,-0.00808,OFFICIAL,Available
ir/inflationvega,IR,InflationVega,FAKE_REPLACE_ME - EU HICP Vol,FAKE_REPLACE_ME - 10Y,FAKE_REPLACE_ME - 1Y,2,1,2026-08-12,0.163181,0.161081,-0.0021,OFFICIAL,Available
ir/inflationvega,IR,InflationVega,FAKE_REPLACE_ME - EU HICP Vol,FAKE_REPLACE_ME - 10Y,FAKE_REPLACE_ME - 2Y,2,2,2026-08-12,0.252269,0.257529,0.00526,OFFICIAL,Available
ir/inflationvega,IR,InflationVega,FAKE_REPLACE_ME - EU HICP Vol,FAKE_REPLACE_ME - 20Y,FAKE_REPLACE_ME - 6M,3,0,2026-08-12,0.270476,0.257736,-0.01274,OFFICIAL,Available
ir/inflationvega,IR,InflationVega,FAKE_REPLACE_ME - EU HICP Vol,FAKE_REPLACE_ME - 20Y,FAKE_REPLACE_ME - 1Y,3,1,2026-08-12,0.061778,0.061098,-0.00068,OFFICIAL,Available
ir/inflationvega,IR,InflationVega,FAKE_REPLACE_ME - EU HICP Vol,FAKE_REPLACE_ME - 20Y,FAKE_REPLACE_ME - 2Y,3,2,2026-08-12,0.168317,0.172757,0.00444,OFFICIAL,Available
ir/inflationvega,IR,InflationVega,FAKE_REPLACE_ME - EU HICP Vol,FAKE_REPLACE_ME - 30Y,FAKE_REPLACE_ME - 6M,4,0,2026-08-12,0.286043,0.292203,0.00616,OFFICIAL,Available
ir/inflationvega,IR,InflationVega,FAKE_REPLACE_ME - EU HICP Vol,FAKE_REPLACE_ME - 30Y,FAKE_REPLACE_ME - 1Y,4,1,2026-08-12,0.168911,0.156731,-0.01218,OFFICIAL,Available
ir/inflationvega,IR,InflationVega,FAKE_REPLACE_ME - EU HICP Vol,FAKE_REPLACE_ME - 30Y,FAKE_REPLACE_ME - 2Y,4,2,2026-08-12,0.113669,0.103869,-0.0098,OFFICIAL,Available
ir/inflationvega,IR,InflationVega,FAKE_REPLACE_ME - UK RPI Vol,FAKE_REPLACE_ME - 2Y,FAKE_REPLACE_ME - 6M,0,0,2026-08-12,0.301571,0.310851,0.00928,OFFICIAL,Available
ir/inflationvega,IR,InflationVega,FAKE_REPLACE_ME - UK RPI Vol,FAKE_REPLACE_ME - 2Y,FAKE_REPLACE_ME - 1Y,0,1,2026-08-12,0.089678,0.099338,0.00966,OFFICIAL,Available
ir/inflationvega,IR,InflationVega,FAKE_REPLACE_ME - UK RPI Vol,FAKE_REPLACE_ME - 2Y,FAKE_REPLACE_ME - 2Y,0,2,2026-08-12,0.100061,0.110501,0.01044,OFFICIAL,Available
ir/inflationvega,IR,InflationVega,FAKE_REPLACE_ME - UK RPI Vol,FAKE_REPLACE_ME - 5Y,FAKE_REPLACE_ME - 6M,1,0,2026-08-12,0.193301,0.189161,-0.00414,OFFICIAL,Available
ir/inflationvega,IR,InflationVega,FAKE_REPLACE_ME - UK RPI Vol,FAKE_REPLACE_ME - 5Y,FAKE_REPLACE_ME - 1Y,1,1,2026-08-12,0.228782,0.240502,0.01172,OFFICIAL,Available
ir/inflationvega,IR,InflationVega,FAKE_REPLACE_ME - UK RPI Vol,FAKE_REPLACE_ME - 5Y,FAKE_REPLACE_ME - 2Y,1,2,2026-08-12,0.289958,0.300938,0.01098,OFFICIAL,Available
ir/inflationvega,IR,InflationVega,FAKE_REPLACE_ME - UK RPI Vol,FAKE_REPLACE_ME - 10Y,FAKE_REPLACE_ME - 6M,2,0,2026-08-12,0.34382,0.35372,0.0099,OFFICIAL,Available
ir/inflationvega,IR,InflationVega,FAKE_REPLACE_ME - UK RPI Vol,FAKE_REPLACE_ME - 10Y,FAKE_REPLACE_ME - 1Y,2,1,2026-08-12,0.349001,0.346741,-0.00226,OFFICIAL,Available
ir/inflationvega,IR,InflationVega,FAKE_REPLACE_ME - UK RPI Vol,FAKE_REPLACE_ME - 10Y,FAKE_REPLACE_ME - 2Y,2,2,2026-08-12,0.091364,0.100284,0.00892,OFFICIAL,Available
ir/inflationvega,IR,InflationVega,FAKE_REPLACE_ME - UK RPI Vol,FAKE_REPLACE_ME - 20Y,FAKE_REPLACE_ME - 6M,3,0,2026-08-12,0.283376,0.270576,-0.0128,OFFICIAL,Available
ir/inflationvega,IR,InflationVega,FAKE_REPLACE_ME - UK RPI Vol,FAKE_REPLACE_ME - 20Y,FAKE_REPLACE_ME - 1Y,3,1,2026-08-12,0.237068,0.230488,-0.00658,OFFICIAL,Available
ir/inflationvega,IR,InflationVega,FAKE_REPLACE_ME - UK RPI Vol,FAKE_REPLACE_ME - 20Y,FAKE_REPLACE_ME - 2Y,3,2,2026-08-12,0.105035,0.099855,-0.00518,OFFICIAL,Available
ir/inflationvega,IR,InflationVega,FAKE_REPLACE_ME - UK RPI Vol,FAKE_REPLACE_ME - 30Y,FAKE_REPLACE_ME - 6M,4,0,2026-08-12,0.345068,0.336928,-0.00814,OFFICIAL,Available
ir/inflationvega,IR,InflationVega,FAKE_REPLACE_ME - UK RPI Vol,FAKE_REPLACE_ME - 30Y,FAKE_REPLACE_ME - 1Y,4,1,2026-08-12,0.20279,0.19003,-0.01276,OFFICIAL,Available
ir/inflationvega,IR,InflationVega,FAKE_REPLACE_ME - UK RPI Vol,FAKE_REPLACE_ME - 30Y,FAKE_REPLACE_ME - 2Y,4,2,2026-08-12,0.304424,0.291904,-0.01252,OFFICIAL,Available
ir/basis,IR,Basis,FAKE_REPLACE_ME - USD 3M/6M,FAKE_REPLACE_ME - 3M,N/A,0,,2026-08-12,0.036898,0.037178,0.00028,OFFICIAL,Available
ir/basis,IR,Basis,FAKE_REPLACE_ME - USD 3M/6M,FAKE_REPLACE_ME - 6M,N/A,1,,2026-08-12,0.046378,0.044968,-0.00141,OFFICIAL,Available
ir/basis,IR,Basis,FAKE_REPLACE_ME - USD 3M/6M,FAKE_REPLACE_ME - 1Y,N/A,2,,2026-08-12,0.023474,0.023964,0.00049,OFFICIAL,Available
ir/basis,IR,Basis,FAKE_REPLACE_ME - USD 3M/6M,FAKE_REPLACE_ME - 2Y,N/A,3,,2026-08-12,0.00885,0.00833,-0.00052,OFFICIAL,Available
ir/basis,IR,Basis,FAKE_REPLACE_ME - USD 3M/6M,FAKE_REPLACE_ME - 5Y,N/A,4,,2026-08-12,0.040055,0.039875,-0.00018,OFFICIAL,Available
ir/basis,IR,Basis,FAKE_REPLACE_ME - EUR 3M/6M,FAKE_REPLACE_ME - 3M,N/A,0,,2026-08-12,0.044811,0.043641,-0.00117,OFFICIAL,Available
ir/basis,IR,Basis,FAKE_REPLACE_ME - EUR 3M/6M,FAKE_REPLACE_ME - 6M,N/A,1,,2026-08-12,0.019199,0.018179,-0.00102,OFFICIAL,Available
ir/basis,IR,Basis,FAKE_REPLACE_ME - EUR 3M/6M,FAKE_REPLACE_ME - 1Y,N/A,2,,2026-08-12,0.073533,0.072893,-0.00064,OFFICIAL,Available
ir/basis,IR,Basis,FAKE_REPLACE_ME - EUR 3M/6M,FAKE_REPLACE_ME - 2Y,N/A,3,,2026-08-12,0.029087,0.028897,-0.00019,OFFICIAL,Available
ir/basis,IR,Basis,FAKE_REPLACE_ME - EUR 3M/6M,FAKE_REPLACE_ME - 5Y,N/A,4,,2026-08-12,0.046746,0.047236,0.00049,OFFICIAL,Available
ir/basis,IR,Basis,FAKE_REPLACE_ME - GBP 3M/6M,FAKE_REPLACE_ME - 3M,N/A,0,,2026-08-12,0.039735,0.040625,0.00089,OFFICIAL,Available
ir/basis,IR,Basis,FAKE_REPLACE_ME - GBP 3M/6M,FAKE_REPLACE_ME - 6M,N/A,1,,2026-08-12,0.056537,0.057717,0.00118,OFFICIAL,Available
ir/basis,IR,Basis,FAKE_REPLACE_ME - GBP 3M/6M,FAKE_REPLACE_ME - 1Y,N/A,2,,2026-08-12,0.052458,0.052618,0.00016,OFFICIAL,Available
ir/basis,IR,Basis,FAKE_REPLACE_ME - GBP 3M/6M,FAKE_REPLACE_ME - 2Y,N/A,3,,2026-08-12,0.046115,0.046615,0.0005,OFFICIAL,Available
ir/basis,IR,Basis,FAKE_REPLACE_ME - GBP 3M/6M,FAKE_REPLACE_ME - 5Y,N/A,4,,2026-08-12,0.025267,0.026317,0.00105,OFFICIAL,Available
ir/bond,IR,Bond,FAKE_REPLACE_ME - UST,FAKE_REPLACE_ME - 2Y,N/A,0,,2026-08-12,0.054072,0.052962,-0.00111,OFFICIAL,Available
ir/bond,IR,Bond,FAKE_REPLACE_ME - UST,FAKE_REPLACE_ME - 5Y,N/A,1,,2026-08-12,0.066007,0.066557,0.00055,OFFICIAL,Available
ir/bond,IR,Bond,FAKE_REPLACE_ME - UST,FAKE_REPLACE_ME - 10Y,N/A,2,,2026-08-12,0.061079,0.061889,0.00081,OFFICIAL,Available
ir/bond,IR,Bond,FAKE_REPLACE_ME - UST,FAKE_REPLACE_ME - 30Y,N/A,3,,2026-08-12,0.024537,0.025407,0.00087,OFFICIAL,Available
ir/bond,IR,Bond,FAKE_REPLACE_ME - Bund,FAKE_REPLACE_ME - 2Y,N/A,0,,2026-08-12,0.054385,0.053604,-0.000781,OFFICIAL,Available
ir/bond,IR,Bond,FAKE_REPLACE_ME - Bund,FAKE_REPLACE_ME - 5Y,N/A,1,,2026-08-12,0.02122,0.02038,-0.00084,OFFICIAL,Available
ir/bond,IR,Bond,FAKE_REPLACE_ME - Bund,FAKE_REPLACE_ME - 10Y,N/A,2,,2026-08-12,0.008744,0.009324,0.00058,OFFICIAL,Available
ir/bond,IR,Bond,FAKE_REPLACE_ME - Bund,FAKE_REPLACE_ME - 30Y,N/A,3,,2026-08-12,0.009218,0.008548,-0.00067,OFFICIAL,Available
ir/bond,IR,Bond,FAKE_REPLACE_ME - Gilt,FAKE_REPLACE_ME - 2Y,N/A,0,,2026-08-12,0.02226,0.02148,-0.00078,OFFICIAL,Available
ir/bond,IR,Bond,FAKE_REPLACE_ME - Gilt,FAKE_REPLACE_ME - 5Y,N/A,1,,2026-08-12,0.03993,0.04101,0.00108,OFFICIAL,Available
ir/bond,IR,Bond,FAKE_REPLACE_ME - Gilt,FAKE_REPLACE_ME - 10Y,N/A,2,,2026-08-12,0.036885,0.036815,-0.00007,OFFICIAL,Available
ir/bond,IR,Bond,FAKE_REPLACE_ME - Gilt,FAKE_REPLACE_ME - 30Y,N/A,3,,2026-08-12,0.063779,0.063139,-0.00064,OFFICIAL,Available
credit/delta,Credit,Delta,FAKE_REPLACE_ME - CDX IG,FAKE_REPLACE_ME - 1Y,N/A,0,,2026-08-12,237.856,240.15572,2.29972,OFFICIAL,Available
credit/delta,Credit,Delta,FAKE_REPLACE_ME - CDX IG,FAKE_REPLACE_ME - 3Y,N/A,1,,2026-08-12,219.96,219.35994,-0.60006,OFFICIAL,Available
credit/delta,Credit,Delta,FAKE_REPLACE_ME - CDX IG,FAKE_REPLACE_ME - 5Y,N/A,2,,2026-08-12,55.52,55.01972,-0.50028,OFFICIAL,Available
credit/delta,Credit,Delta,FAKE_REPLACE_ME - CDX IG,FAKE_REPLACE_ME - 7Y,N/A,3,,2026-08-12,257.72,258.61978,0.89978,OFFICIAL,Available
credit/delta,Credit,Delta,FAKE_REPLACE_ME - CDX IG,FAKE_REPLACE_ME - 10Y,N/A,4,,2026-08-12,435,434.19982,-0.80018,OFFICIAL,Available
credit/delta,Credit,Delta,FAKE_REPLACE_ME - iTraxx Main,FAKE_REPLACE_ME - 1Y,N/A,0,,2026-08-12,194.492,196.69196,2.19996,OFFICIAL,Available
credit/delta,Credit,Delta,FAKE_REPLACE_ME - iTraxx Main,FAKE_REPLACE_ME - 3Y,N/A,1,,2026-08-12,41.148,39.3478,-1.8002,OFFICIAL,Available
credit/delta,Credit,Delta,FAKE_REPLACE_ME - iTraxx Main,FAKE_REPLACE_ME - 5Y,N/A,2,,2026-08-12,323.5,325.09984,1.59984,OFFICIAL,Available
credit/delta,Credit,Delta,FAKE_REPLACE_ME - iTraxx Main,FAKE_REPLACE_ME - 7Y,N/A,3,,2026-08-12,335.276,332.77598,-2.50002,OFFICIAL,Available
credit/delta,Credit,Delta,FAKE_REPLACE_ME - iTraxx Main,FAKE_REPLACE_ME - 10Y,N/A,4,,2026-08-12,375.028,375.62768,0.59968,OFFICIAL,Available
credit/delta,Credit,Delta,FAKE_REPLACE_ME - Ford CDS,FAKE_REPLACE_ME - 1Y,N/A,0,,2026-08-12,97.688,99.88798,2.19998,OFFICIAL,Available
credit/delta,Credit,Delta,FAKE_REPLACE_ME - Ford CDS,FAKE_REPLACE_ME - 3Y,N/A,1,,2026-08-12,253.128,251.42776,-1.70024,OFFICIAL,Available
credit/delta,Credit,Delta,FAKE_REPLACE_ME - Ford CDS,FAKE_REPLACE_ME - 5Y,N/A,2,,2026-08-12,413.988,415.98792,1.99992,OFFICIAL,Available
credit/delta,Credit,Delta,FAKE_REPLACE_ME - Ford CDS,FAKE_REPLACE_ME - 7Y,N/A,3,,2026-08-12,345.34,347.73996,2.39996,OFFICIAL,Available
credit/delta,Credit,Delta,FAKE_REPLACE_ME - Ford CDS,FAKE_REPLACE_ME - 10Y,N/A,4,,2026-08-12,356.14,356.6399,0.4999,OFFICIAL,Available
credit/vega,Credit,Vega,FAKE_REPLACE_ME - CDX IG Vol,FAKE_REPLACE_ME - 1M,N/A,0,,2026-08-12,413.336,415.13592,1.79992,OFFICIAL,Available
credit/vega,Credit,Vega,FAKE_REPLACE_ME - CDX IG Vol,FAKE_REPLACE_ME - 3M,N/A,1,,2026-08-12,336.696,337.49588,0.79988,OFFICIAL,Available
credit/vega,Credit,Vega,FAKE_REPLACE_ME - CDX IG Vol,FAKE_REPLACE_ME - 6M,N/A,2,,2026-08-12,133.544,134.1437,0.5997,OFFICIAL,Available
credit/vega,Credit,Vega,FAKE_REPLACE_ME - CDX IG Vol,FAKE_REPLACE_ME - 1Y,N/A,3,,2026-08-12,152.588,151.98782,-0.60018,OFFICIAL,Available
credit/vega,Credit,Vega,FAKE_REPLACE_ME - iTraxx Main Vol,FAKE_REPLACE_ME - 1M,N/A,0,,2026-08-12,243.336,241.83594,-1.50006,OFFICIAL,Available
credit/vega,Credit,Vega,FAKE_REPLACE_ME - iTraxx Main Vol,FAKE_REPLACE_ME - 3M,N/A,1,,2026-08-12,315.344,316.04366,0.69966,OFFICIAL,Available
credit/vega,Credit,Vega,FAKE_REPLACE_ME - iTraxx Main Vol,FAKE_REPLACE_ME - 6M,N/A,2,,2026-08-12,384.456,382.65582,-1.80018,OFFICIAL,Available
credit/vega,Credit,Vega,FAKE_REPLACE_ME - iTraxx Main Vol,FAKE_REPLACE_ME - 1Y,N/A,3,,2026-08-12,364.356,366.45592,2.09992,OFFICIAL,Available
credit/vega,Credit,Vega,FAKE_REPLACE_ME - Ford CDS Vol,FAKE_REPLACE_ME - 1M,N/A,0,,2026-08-12,185.684,184.58366,-1.10034,OFFICIAL,Available
credit/vega,Credit,Vega,FAKE_REPLACE_ME - Ford CDS Vol,FAKE_REPLACE_ME - 3M,N/A,1,,2026-08-12,317.892,316.69194,-1.20006,OFFICIAL,Available
credit/vega,Credit,Vega,FAKE_REPLACE_ME - Ford CDS Vol,FAKE_REPLACE_ME - 6M,N/A,2,,2026-08-12,333.416,333.2157,-0.2003,OFFICIAL,Available
credit/vega,Credit,Vega,FAKE_REPLACE_ME - Ford CDS Vol,FAKE_REPLACE_ME - 1Y,N/A,3,,2026-08-12,48.192,49.79168,1.59968,OFFICIAL,Available
commo/delta,Commo,Delta,FAKE_REPLACE_ME - Brent,FAKE_REPLACE_ME - 1M,N/A,0,,2026-08-12,80.46625,80.96603,0.49978,OFFICIAL,Available
commo/delta,Commo,Delta,FAKE_REPLACE_ME - Brent,FAKE_REPLACE_ME - 3M,N/A,1,,2026-08-12,66.97875,66.77861,-0.20014,OFFICIAL,Available
commo/delta,Commo,Delta,FAKE_REPLACE_ME - Brent,FAKE_REPLACE_ME - 6M,N/A,2,,2026-08-12,141.49875,142.24871,0.74996,OFFICIAL,Available
commo/delta,Commo,Delta,FAKE_REPLACE_ME - Brent,FAKE_REPLACE_ME - 1Y,N/A,3,,2026-08-12,93.1875,93.03716,-0.15034,OFFICIAL,Available
commo/delta,Commo,Delta,FAKE_REPLACE_ME - Gold,FAKE_REPLACE_ME - 1M,N/A,0,,2026-08-12,31.5675,32.56742,0.99992,OFFICIAL,Available
commo/delta,Commo,Delta,FAKE_REPLACE_ME - Gold,FAKE_REPLACE_ME - 3M,N/A,1,,2026-08-12,107.89625,108.34601,0.44976,OFFICIAL,Available
commo/delta,Commo,Delta,FAKE_REPLACE_ME - Gold,FAKE_REPLACE_ME - 6M,N/A,2,,2026-08-12,67.45625,67.30601,-0.15024,OFFICIAL,Available
commo/delta,Commo,Delta,FAKE_REPLACE_ME - Gold,FAKE_REPLACE_ME - 1Y,N/A,3,,2026-08-12,104.7975,105.5473,0.7498,OFFICIAL,Available
commo/delta,Commo,Delta,FAKE_REPLACE_ME - TTF Gas,FAKE_REPLACE_ME - 1M,N/A,0,,2026-08-12,121.1325,120.2822,-0.8503,OFFICIAL,Available
commo/delta,Commo,Delta,FAKE_REPLACE_ME - TTF Gas,FAKE_REPLACE_ME - 3M,N/A,1,,2026-08-12,57.04875,56.59845,-0.4503,OFFICIAL,Available
commo/delta,Commo,Delta,FAKE_REPLACE_ME - TTF Gas,FAKE_REPLACE_ME - 6M,N/A,2,,2026-08-12,124.4525,124.00242,-0.45008,OFFICIAL,Available
commo/delta,Commo,Delta,FAKE_REPLACE_ME - TTF Gas,FAKE_REPLACE_ME - 1Y,N/A,3,,2026-08-12,34.0525,32.80228,-1.25022,OFFICIAL,Available
commo/vega,Commo,Vega,FAKE_REPLACE_ME - Brent Vol,FAKE_REPLACE_ME - 1M,N/A,0,,2026-08-12,0.196001,0.193181,-0.00282,OFFICIAL,Available
commo/vega,Commo,Vega,FAKE_REPLACE_ME - Brent Vol,FAKE_REPLACE_ME - 3M,N/A,1,,2026-08-12,0.113873,0.106593,-0.00728,OFFICIAL,Available
commo/vega,Commo,Vega,FAKE_REPLACE_ME - Brent Vol,FAKE_REPLACE_ME - 6M,N/A,2,,2026-08-12,0.150038,0.143238,-0.0068,OFFICIAL,Available
commo/vega,Commo,Vega,FAKE_REPLACE_ME - Brent Vol,FAKE_REPLACE_ME - 1Y,N/A,3,,2026-08-12,0.056717,0.051377,-0.00534,OFFICIAL,Available
commo/vega,Commo,Vega,FAKE_REPLACE_ME - Gold Vol,FAKE_REPLACE_ME - 1M,N/A,0,,2026-08-12,0.122216,0.133516,0.0113,OFFICIAL,Available
commo/vega,Commo,Vega,FAKE_REPLACE_ME - Gold Vol,FAKE_REPLACE_ME - 3M,N/A,1,,2026-08-12,0.275642,0.271562,-0.00408,OFFICIAL,Available
commo/vega,Commo,Vega,FAKE_REPLACE_ME - Gold Vol,FAKE_REPLACE_ME - 6M,N/A,2,,2026-08-12,0.248165,0.254445,0.00628,OFFICIAL,Available
commo/vega,Commo,Vega,FAKE_REPLACE_ME - Gold Vol,FAKE_REPLACE_ME - 1Y,N/A,3,,2026-08-12,0.0689,0.06928,0.00038,OFFICIAL,Available
commo/vega,Commo,Vega,FAKE_REPLACE_ME - TTF Gas Vol,FAKE_REPLACE_ME - 1M,N/A,0,,2026-08-12,0.19232,0.19158,-0.00074,OFFICIAL,Available
commo/vega,Commo,Vega,FAKE_REPLACE_ME - TTF Gas Vol,FAKE_REPLACE_ME - 3M,N/A,1,,2026-08-12,0.324167,0.314887,-0.00928,OFFICIAL,Available
commo/vega,Commo,Vega,FAKE_REPLACE_ME - TTF Gas Vol,FAKE_REPLACE_ME - 6M,N/A,2,,2026-08-12,0.340151,0.327411,-0.01274,OFFICIAL,Available
commo/vega,Commo,Vega,FAKE_REPLACE_ME - TTF Gas Vol,FAKE_REPLACE_ME - 1Y,N/A,3,,2026-08-12,0.283505,0.294325,0.01082,OFFICIAL,Available
